Sentences,Date
"Lionel Messi scored a sensational goal in last night's match, securing a vital win for his team.",2024-04-09
"Serena Williams dominated the court with her powerful serves and precise groundstrokes, clinching yet another Grand Slam title.",2024-04-09
"Tom Brady's remarkable comeback in the Super Bowl defied all odds, cementing his legacy as one of the greatest quarterbacks of all time.",2024-04-09
"Simone Biles stunned the world with her flawless routines, earning multiple gold medals at the Olympic Games.",2024-04-09
"LeBron James showcased his unparalleled versatility on the court, leading his team to victory with his scoring, rebounding, and playmaking prowess.",2024-04-09
"Elon Musk's SpaceX successfully launched another batch of Starlink satellites into orbit, advancing global internet connectivity.",2024-04-09
"Artificial intelligence continues to revolutionize various industries, from healthcare to finance, with its ability to analyze vast amounts of data and derive meaningful insights.",2024-04-09
"The latest iPhone model boasts cutting-edge features such as facial recognition and augmented reality capabilities, pushing the boundaries of smartphone technology.",2024-04-09
"Tesla's advancements in electric vehicle technology are reshaping the automotive industry, with sleek designs and long-range battery performance.",2024-04-09
"Blockchain technology is disrupting traditional finance systems, offering decentralized solutions for secure transactions and digital asset management.",2024-04-09
"Taylor Swift's latest album topped the charts within hours of its release, captivating fans with its heartfelt lyrics and catchy melodies.",2024-04-09
"Hip-hop artist Kendrick Lamar's thought-provoking lyrics and innovative beats continue to redefine the genre, earning him critical acclaim and a dedicated fan base.",2024-04-09
The Beatles revolutionized popular music with their groundbreaking experimentation in songwriting and production techniques.,2024-04-09
"Classical composer Ludwig van Beethoven's timeless symphonies resonate with audiences worldwide, showcasing his mastery of melody and emotion.",2024-04-09
"Electronic dance music festivals draw thousands of attendees each year, with DJs spinning infectious beats and creating an electrifying atmosphere on the dance floor.",2024-04-09
